track_number,title
1,7 тысяч над Землей,Валерий Сюткин.mp3
2,405 - Addal vs_ Mida feat_ KiFi.mp3
3,A dios le pido - Juanes.mp3
4,A New Day Has Come - Celine Dion.mp3
5,A Sky Full Of Stars - Coldplay.mp3
6,Addicted - Serge Devant.mp3
7,Airplane Tickets - Pharrell Williams_Rauw Alejandro_Swae Lee.mp3
8,All Good Things (Come To An End) - Nelly Furtado.mp3
9,AMORE - Мари Краймбрери.mp3
10,Another Day In Paradise - Matvey Emerson.mp3
11,Another Day In Paradise - Phil Collins.mp3
12,Apologize - One Republic_Timbaland.mp3
13,Attention - Charlie Puth.mp3
14,Back to Me - Eneli_Vanotek.mp3
15,Bad Dreams - Teddy Swims.mp3
16,Baila (Sexy Thing) - Zucchero.mp3
17,Be Mine - Ofenbach.mp3
18,Behind Blue Eyes - Limp Bizkit.mp3
19,Believer - Imagine Dragons.mp3
20,Better in Time - Leona Lewis.mp3
21,Beverly Hills - Zivert.mp3
22,Big City Life - Mattafix.mp3
23,Big Girls Don_t Cry - Fergie.mp3
24,Big in Japan - DJ Kapral.mp3
25,Blow Me (One Last Kiss) - Pink.mp3
26,Bones - Imagine Dragons.mp3
27,Book of Love - Felix Jaehn_Polina.mp3
28,Boulevard of Broken Dreams - Beachlife.mp3
29,Boulevard of Broken Dreams - Green Day.mp3
30,Bouquet - Gwen Stefani.mp3
